id,quantity,item_price,total_sum
32811143,1,10990000,10990000
id,quantity,item_price,total_sum
32810504,1,10990000,10990000
id,quantity,item_price,total_sum
32810494,1,10990000,10990000
id,quantity,item_price,total_sum
32759647,20,725,14500
32759646,10,1365,13650
id,quantity,item_price,total_sum
32759541,500,1522.08,761040
id,quantity,item_price,total_sum
32736991,1,29586555,29586555
id,quantity,item_price,total_sum
32734102,1,247500,247500
id,quantity,item_price,total_sum
32725435,5,10090000,50450000
id,quantity,item_price,total_sum
32725375,15,10090000,151350000
id,quantity,item_price,total_sum
32696758,1,249341,249341
id,quantity,item_price,total_sum
32696257,1,144000,144000
id,quantity,item_price,total_sum
32695521,1,248000,248000
id,quantity,item_price,total_sum
32695391,1,217123,217123
id,quantity,item_price,total_sum
32695243,2,198870,397740
id,quantity,item_price,total_sum
32627376,1,199230,199230
id,quantity,item_price,total_sum
32608597,1,60000,60000
id,quantity,item_price,total_sum
32574210,1200,120,143996.16
id,quantity,item_price,total_sum
32394423,1,53571.43,53571.43
id,quantity,item_price,total_sum
32312156,1,300000,300000
id,quantity,item_price,total_sum
32256636,3,58000,174000
id,quantity,item_price,total_sum
32256245,4,38888,155552
32256244,2,68888,137776
32256243,2,48888,97776
32256242,2,58888,117776
id,quantity,item_price,total_sum
32253950,1500,1320.48,1980720
id,quantity,item_price,total_sum
32253180,4,90496,361984
id,quantity,item_price,total_sum
32252944,4,107000,428000
id,quantity,item_price,total_sum
32252932,1,120000,120000
id,quantity,item_price,total_sum
32248531,1,66960,66960
id,quantity,item_price,total_sum
31927481,2,224980,449960
id,quantity,item_price,total_sum
31859036,1,47004480,47004480
id,quantity,item_price,total_sum
31858505,1,7017600,7017600
id,quantity,item_price,total_sum
31740081,1,120000,120000
id,quantity,item_price,total_sum
31739815,1,66960,66960
id,quantity,item_price,total_sum
31722540,50,100,5000
31722539,50,200,10000
id,quantity,item_price,total_sum
31722315,40,240,9600
id,quantity,item_price,total_sum
31722103,300,147,44100
id,quantity,item_price,total_sum
31722007,500,83,41500
id,quantity,item_price,total_sum
31721918,5,2798.88,13994.4
id,quantity,item_price,total_sum
31721745,500,89,44500
id,quantity,item_price,total_sum
31710841,1,297123,297123
id,quantity,item_price,total_sum
31667664,1200,131.04,157248
id,quantity,item_price,total_sum
31545968,1,2267760,2267760
31545967,1,2473920,2473920
id,quantity,item_price,total_sum
31539876,1,418600,418600
id,quantity,item_price,total_sum
31493653,1,180000,179999.99
id,quantity,item_price,total_sum
31438911,100,441.28,44128
id,quantity,item_price,total_sum
31414205,1,550000,550000
31414204,1,99000,99000
id,quantity,item_price,total_sum
31414072,1,45000,45000
id,quantity,item_price,total_sum
31409311,50,56,2800
31409310,20,560,11200
id,quantity,item_price,total_sum
31394331,1,1399900,1399900
id,quantity,item_price,total_sum
31368736,20,99,1980
id,quantity,item_price,total_sum
31368304,1,730000,730000
id,quantity,item_price,total_sum
31354129,100,99,9900
31354128,100,196,19600
id,quantity,item_price,total_sum
31353890,5,3285,16425
id,quantity,item_price,total_sum
31353748,20,1200,24000
id,quantity,item_price,total_sum
31353592,20,138,2760
id,quantity,item_price,total_sum
31353457,10,1499,14990
id,quantity,item_price,total_sum
31353317,20,3200,64000
id,quantity,item_price,total_sum
31348305,60,97,5820
id,quantity,item_price,total_sum
31347176,50,110,5500
id,quantity,item_price,total_sum
31313655,30,501.76,15052.8
id,quantity,item_price,total_sum
31313392,200,99.46,19891.2
id,quantity,item_price,total_sum
31313253,3,32000,96000
id,quantity,item_price,total_sum
31313175,1000,27,27000
id,quantity,item_price,total_sum
31313128,1000,17,17000
id,quantity,item_price,total_sum
31313023,240,35,8400
id,quantity,item_price,total_sum
31308008,1,875000,875000
id,quantity,item_price,total_sum
31298825,20,386,7720
id,quantity,item_price,total_sum
31298399,20,95,1900
id,quantity,item_price,total_sum
31253592,1,159038.88,159038.88
id,quantity,item_price,total_sum
31135168,1,86000,86000
id,quantity,item_price,total_sum
31118527,1,716773,716773.01
id,quantity,item_price,total_sum
31118235,1,77420,77420
id,quantity,item_price,total_sum
30984937,4,12597.76,50391.04
id,quantity,item_price,total_sum
30984819,5,26785,133925
id,quantity,item_price,total_sum
30984259,2,141141,282282
id,quantity,item_price,total_sum
30983927,2,187264,374528
id,quantity,item_price,total_sum
30983679,2,263064.48,526128.96
id,quantity,item_price,total_sum
30983554,3,98560,295680
id,quantity,item_price,total_sum
30983367,2,197120,394240
id,quantity,item_price,total_sum
30967307,10,36828,368279.97
id,quantity,item_price,total_sum
30933359,1,336000,336000
id,quantity,item_price,total_sum
30881953,1,16515296,16515296
id,quantity,item_price,total_sum
30881650,1,6159667.8,6159667.8
id,quantity,item_price,total_sum
30878107,1,128000,128000
id,quantity,item_price,total_sum
30480149,1,919520,919520
id,quantity,item_price,total_sum
30479843,1,416033.63,416033.63
id,quantity,item_price,total_sum
30470593,1,1953337.68,1953337.68
id,quantity,item_price,total_sum
30467029,500,1454.88,727440
id,quantity,item_price,total_sum
30325693,1,238000,238000
id,quantity,item_price,total_sum
30325465,1,53999.99,53999.99
id,quantity,item_price,total_sum
30218964,1,999040,999040
id,quantity,item_price,total_sum
30193499,1,50000,50000
id,quantity,item_price,total_sum
30192799,1,3303059.2,3303059.2
id,quantity,item_price,total_sum
30192310,1,285752.99,285752.99
id,quantity,item_price,total_sum
30084665,1,400000,400000
id,quantity,item_price,total_sum
30083959,1,4200000,4200000
id,quantity,item_price,total_sum
30080346,1,64800,64800
30080345,1,86400,86399.99
id,quantity,item_price,total_sum
30080192,1,180000,179999.99
id,quantity,item_price,total_sum
30078775,1,180000,179999.99
id,quantity,item_price,total_sum
30078054,1,1200000,1200000
id,quantity,item_price,total_sum
30077458,1,30000000,29999999.99
id,quantity,item_price,total_sum
30076752,1,10995200,10995200
id,quantity,item_price,total_sum
30076561,1,2267760,2267760
id,quantity,item_price,total_sum
30075569,1,160500,160500
id,quantity,item_price,total_sum
30074357,1,2500000,2500000
id,quantity,item_price,total_sum
30070626,1,220000,220000
id,quantity,item_price,total_sum
30070468,1,1198080,1198079.99
id,quantity,item_price,total_sum
30069408,1,287999.99,287999.99
id,quantity,item_price,total_sum
30069251,1,35740.76,35740.76
id,quantity,item_price,total_sum
30068478,1,119999.99,119999.99
id,quantity,item_price,total_sum
30065078,1,2499999.99,2499999.99
id,quantity,item_price,total_sum
30064545,1,9500000,9499999.99
id,quantity,item_price,total_sum
30064099,1,1900000,1900000
id,quantity,item_price,total_sum
30062223,1,9000000,8999999.99
id,quantity,item_price,total_sum
29908484,1,1175868.89,2000000
id,quantity,item_price,total_sum
29907679,1,1784081.06,1900000
id,quantity,item_price,total_sum
29907353,1,9418640.5,9800000
id,quantity,item_price,total_sum
29749307,1,285834.61,285834.61
id,quantity,item_price,total_sum
29749235,1,86400,86400
29749234,1,36600.01,36600.01
id,quantity,item_price,total_sum
29747911,1,254537,254537
id,quantity,item_price,total_sum
29747438,1,22211,22211
id,quantity,item_price,total_sum
29745276,1,120000,120000
29745275,1,30000.01,30000.01
id,quantity,item_price,total_sum
29745106,1,168000,168000
29745104,1,12000,12000
id,quantity,item_price,total_sum
29740814,20,4895,97900
id,quantity,item_price,total_sum
29740633,5,8000,40000
id,quantity,item_price,total_sum
29643431,1000,24.64,24640
id,quantity,item_price,total_sum
29619598,1,7342500.48,7342500.48
29619596,1,907499.49,907499.49
id,quantity,item_price,total_sum
29608511,1,180131.69,180131.69
id,quantity,item_price,total_sum
29599968,1000,43.68,43680
id,quantity,item_price,total_sum
29591589,4,125440,501760
id,quantity,item_price,total_sum
29586630,1,451524.85,451524.85
id,quantity,item_price,total_sum
29586562,1,3820443.8,3820443.8
id,quantity,item_price,total_sum
29586076,1,255200,255200
id,quantity,item_price,total_sum
29585785,1,30000000,30000000
29585784,1,3200000,3200000
id,quantity,item_price,total_sum
29585660,1,18991.47,18991.47
id,quantity,item_price,total_sum
29585229,1,50611.46,50611.46
id,quantity,item_price,total_sum
29582410,1,30680.17,30680.17
id,quantity,item_price,total_sum
29582202,1,1387495.14,1387495.14
id,quantity,item_price,total_sum
29541570,60,350,21000
id,quantity,item_price,total_sum
29541124,20,400,8000
id,quantity,item_price,total_sum
29465857,5,3500,17500
id,quantity,item_price,total_sum
29431866,1,210000,210000
29431865,1,115000,115000
id,quantity,item_price,total_sum
29409159,1,12000,12000
id,quantity,item_price,total_sum
29356253,2,170000,340000
id,quantity,item_price,total_sum
29356123,2000,139,278000
id,quantity,item_price,total_sum
29312533,90,1880,169200
id,quantity,item_price,total_sum
29312304,40,2700,108000
id,quantity,item_price,total_sum
29283517,30,2300,69000
id,quantity,item_price,total_sum
29283086,30,1800,54000
id,quantity,item_price,total_sum
29274492,2,3500,7000
id,quantity,item_price,total_sum
29269308,450,1904,856800
id,quantity,item_price,total_sum
29269247,2,2500,5000
id,quantity,item_price,total_sum
29269143,1,3000,3000
id,quantity,item_price,total_sum
29267586,2,1500,3000
id,quantity,item_price,total_sum
29267512,30,1498,44940
id,quantity,item_price,total_sum
29267435,20,300,6000
id,quantity,item_price,total_sum
29267348,20,120,2400
id,quantity,item_price,total_sum
29267140,10,299,2990
id,quantity,item_price,total_sum
29266634,20,140,2800
id,quantity,item_price,total_sum
29237723,1000,42.55,42548.8
id,quantity,item_price,total_sum
29237596,1000,24.63,24628.8
id,quantity,item_price,total_sum
29200449,1,9990000,9990000
id,quantity,item_price,total_sum
29200242,1,9990000,9990000
id,quantity,item_price,total_sum
29165719,1,37800,37800
29165718,1,30000,30000
id,quantity,item_price,total_sum
29005647,2,23800,47600
id,quantity,item_price,total_sum
28976442,1,380777.6,380777.6
id,quantity,item_price,total_sum
28796220,8,15120,120960
id,quantity,item_price,total_sum
28787101,1200,135,162000
id,quantity,item_price,total_sum
28768236,7,63840,446880
id,quantity,item_price,total_sum
28767323,10,14999,149990
id,quantity,item_price,total_sum
28722633,5,1759,8795
id,quantity,item_price,total_sum
28722155,5,11029.76,55148.8
id,quantity,item_price,total_sum
28704085,200,47,9400
id,quantity,item_price,total_sum
28703695,50,218.18,10908.8
id,quantity,item_price,total_sum
28703492,300,106.18,31852.8
id,quantity,item_price,total_sum
28656912,1,36000,36000
id,quantity,item_price,total_sum
28655692,1,120000,120000
id,quantity,item_price,total_sum
28653334,1,6707072,6707072
id,quantity,item_price,total_sum
28602023,1,1120,1120
id,quantity,item_price,total_sum
28552104,1,6590000,6590000
id,quantity,item_price,total_sum
28551871,3,6590000,19770000
id,quantity,item_price,total_sum
28497734,5,92400,462000
id,quantity,item_price,total_sum
28497060,5,154000,770000
id,quantity,item_price,total_sum
28483685,1,9790000,9790000
id,quantity,item_price,total_sum
28445076,7,53745,376215
id,quantity,item_price,total_sum
28444311,100,400,40000
id,quantity,item_price,total_sum
28409464,2,6390000,12780000
id,quantity,item_price,total_sum
28409266,2,7590000,15180000
id,quantity,item_price,total_sum
28408889,4,9790000,39160000
id,quantity,item_price,total_sum
28393424,1,336000,336000
id,quantity,item_price,total_sum
28331850,1,266219,266219
id,quantity,item_price,total_sum
28331569,2,35000,70000
id,quantity,item_price,total_sum
28331356,8,7300,58400
id,quantity,item_price,total_sum
28331174,2,129800,259600
id,quantity,item_price,total_sum
28331013,7,44444,311108
id,quantity,item_price,total_sum
28330040,8,166941.6,1335532.8
id,quantity,item_price,total_sum
28249466,8,118440.64,947525.11
id,quantity,item_price,total_sum
28223174,1,102890.2,102890.2
id,quantity,item_price,total_sum
28200803,1,20000,20000
id,quantity,item_price,total_sum
28198637,5,95000,532000
id,quantity,item_price,total_sum
28198628,1,147000,147000
id,quantity,item_price,total_sum
28193290,1000,160,160000
id,quantity,item_price,total_sum
28193082,2,95199.99,190399.98
id,quantity,item_price,total_sum
28155753,1,124230.4,124230.4
id,quantity,item_price,total_sum
28155752,9,37138.08,334242.72
id,quantity,item_price,total_sum
28155751,1,1401803.2,1401803.2
id,quantity,item_price,total_sum
28155750,15,53443.04,801645.6
id,quantity,item_price,total_sum
28155749,3,149500.01,448500.02
id,quantity,item_price,total_sum
28155748,5,125440,627200
id,quantity,item_price,total_sum
28155747,8,92400,739200
id,quantity,item_price,total_sum
28155745,10,12544,125440
id,quantity,item_price,total_sum
28155743,20,42355.04,847100.8
id,quantity,item_price,total_sum
28155734,2,112558.88,225117.76
id,quantity,item_price,total_sum
28065903,1,180000,180000
28065902,1,180000,180000
id,quantity,item_price,total_sum
28065587,1,168000,168000
28065586,1,192000,192000
id,quantity,item_price,total_sum
28016788,1,318080,318080
id,quantity,item_price,total_sum
27969712,1,37800,37800
id,quantity,item_price,total_sum
27968739,15,290416,4356240
id,quantity,item_price,total_sum
27960808,200,237316.8,47463360
id,quantity,item_price,total_sum
27904744,1,147000,147000
id,quantity,item_price,total_sum
27753773,2000,38.98,77952
27753772,30,120.96,3628.8
27753771,20,236.1,4721.92
27753768,20,240.58,4811.52
27753766,30,98.56,2956.8
27753765,500,94.98,47488
id,quantity,item_price,total_sum
27753262,5,3389,16945
id,quantity,item_price,total_sum
27753255,10,918,9180
id,quantity,item_price,total_sum
27717142,10,1215,12150
id,quantity,item_price,total_sum
27711847,85,500,42500
id,quantity,item_price,total_sum
27711637,1,67200,67200
id,quantity,item_price,total_sum
27704467,15,2128,31920
id,quantity,item_price,total_sum
27704463,2,1437890,2875780
id,quantity,item_price,total_sum
27704461,1,997407.16,997407.16
id,quantity,item_price,total_sum
27704458,2,11632,23263.99
id,quantity,item_price,total_sum
27552895,1,179300,179300
id,quantity,item_price,total_sum
27545096,3,80775,242325.01
id,quantity,item_price,total_sum
27544307,1,124705,124705
id,quantity,item_price,total_sum
27543909,1,23000,23000
id,quantity,item_price,total_sum
27533758,1,568960,568960
id,quantity,item_price,total_sum
27533724,2,84400,168800
id,quantity,item_price,total_sum
27533703,1,123054.4,123054.4
id,quantity,item_price,total_sum
27443925,2000,13,26000
id,quantity,item_price,total_sum
27443688,1,555520,555520
id,quantity,item_price,total_sum
27372458,1,37500,37500
id,quantity,item_price,total_sum
27288160,1,210000,210000
id,quantity,item_price,total_sum
27287810,1,24000,24000
id,quantity,item_price,total_sum
27287285,1,350000,350000
id,quantity,item_price,total_sum
27231524,300,48000,14400000
id,quantity,item_price,total_sum
27202187,1,180000,180000
id,quantity,item_price,total_sum
27176531,200,238560,47712000
id,quantity,item_price,total_sum
27099593,30,616,18480
id,quantity,item_price,total_sum
27075029,1200,120,144000
id,quantity,item_price,total_sum
27074847,100,220320,22032000.48
id,quantity,item_price,total_sum
27049677,5,99554.56,497772.8
27049676,5,147714.56,738572.8
id,quantity,item_price,total_sum
26960422,1200,125,150000
26960421,96,125,12000
id,quantity,item_price,total_sum
26939629,1,7342500.48,7342500.48
id,quantity,item_price,total_sum
26939507,30,89.6,2688
id,quantity,item_price,total_sum
26939370,25,1568,39200
26939369,25,168,4200
26939368,10,1064,10640
26939367,20,134.4,2688
id,quantity,item_price,total_sum
26939296,500,45,22500
26939295,50,550,27500
id,quantity,item_price,total_sum
26939089,50,2199,109950
26939088,50,2099,104950
26939087,5,2500,12500
id,quantity,item_price,total_sum
26898316,2000,19.04,38080
26898315,2000,31.36,62720
id,quantity,item_price,total_sum
26898287,1,233833.6,233833.6
26898286,4,200233.6,800934.4
26898285,1,128553.6,128553.6
id,quantity,item_price,total_sum
26898268,1,868000,868000
id,quantity,item_price,total_sum
26898219,16,258720,4139520
id,quantity,item_price,total_sum
26837544,16,258720,4139520
id,quantity,item_price,total_sum
26791052,10,395107,3951070
id,quantity,item_price,total_sum
26764712,5,4816,24080
id,quantity,item_price,total_sum
26764442,1,58961760,58961760
id,quantity,item_price,total_sum
26763987,1,69132320,69132320
id,quantity,item_price,total_sum
26749549,1,868000,868000
id,quantity,item_price,total_sum
26749366,1,880000,880000
id,quantity,item_price,total_sum
26749229,1,1187999,1187999
id,quantity,item_price,total_sum
26749099,2000,19.04,38080
26749098,2000,31.36,62720
id,quantity,item_price,total_sum
26748871,1,128553.6,128553.6
26748870,1,233833.6,233833.6
26748868,4,200233.6,800934.4
id,quantity,item_price,total_sum
26572536,1,47190,47190
id,quantity,item_price,total_sum
26571300,1,285875.52,285875.52
id,quantity,item_price,total_sum
26472202,1,283702.2,283702.2
id,quantity,item_price,total_sum
26471698,1,98896,98896
id,quantity,item_price,total_sum
26471224,1,16515296,16515296
id,quantity,item_price,total_sum
26339496,5,33600,168000
id,quantity,item_price,total_sum
26149881,1,150000,150000
id,quantity,item_price,total_sum
26149527,1,2000000,2000000
id,quantity,item_price,total_sum
26131854,1,168000,168000
id,quantity,item_price,total_sum
26130880,1,400000,400000
id,quantity,item_price,total_sum
26130023,1,210180,210180
id,quantity,item_price,total_sum
26108005,1,180000,180000
id,quantity,item_price,total_sum
26017995,1,4480000,4480000
id,quantity,item_price,total_sum
26015979,1200,125,150000
id,quantity,item_price,total_sum
26011505,12,2000,24000
id,quantity,item_price,total_sum
25608341,2,178888,357776
id,quantity,item_price,total_sum
25608075,1,188878,188878
id,quantity,item_price,total_sum
25607687,1,235468.8,235468.8
id,quantity,item_price,total_sum
25607333,2,81760,163520
id,quantity,item_price,total_sum
25606889,2,506120.16,1012240.32
id,quantity,item_price,total_sum
25606472,2,137500.16,275000.32
id,quantity,item_price,total_sum
25352139,1,30000000,30000000
id,quantity,item_price,total_sum
25351148,1,4250000,4250000
id,quantity,item_price,total_sum
25350730,1,8000000,8000000
id,quantity,item_price,total_sum
25350206,1,108000,108000
25350205,1,86400,86400
id,quantity,item_price,total_sum
25346533,1,50000,50000
id,quantity,item_price,total_sum
25263026,1,214444.88,214444.88
id,quantity,item_price,total_sum
25262689,1,924119.68,924119.68
id,quantity,item_price,total_sum
25243772,1,1500800,1500800
id,quantity,item_price,total_sum
25215176,1,728000,728000
id,quantity,item_price,total_sum
25136000,1,1200000,1200000
id,quantity,item_price,total_sum
25062156,1,220000,220000
id,quantity,item_price,total_sum
25061550,1,8928570,8928570
id,quantity,item_price,total_sum
25043052,1,1900000,1900000
id,quantity,item_price,total_sum
25042417,1,9800000,9800000
id,quantity,item_price,total_sum
25039869,1,950400,950400
id,quantity,item_price,total_sum
25039575,1,2000000,2000000
id,quantity,item_price,total_sum
25029257,1,69132320,69132320
id,quantity,item_price,total_sum
25029131,1,58961760,58961760
id,quantity,item_price,total_sum
25028800,1,243644.8,243644.8
id,quantity,item_price,total_sum
25028643,1,38989.98,38989.98
id,quantity,item_price,total_sum
25028494,1,138380.01,138380.01
id,quantity,item_price,total_sum
25028195,1,3303059.2,3303059.2
id,quantity,item_price,total_sum
25026987,1,56740.41,56740.41
id,quantity,item_price,total_sum
25026711,1,19781.8,19781.8
id,quantity,item_price,total_sum
25026201,1,1649999.99,1649999.99
id,quantity,item_price,total_sum
24924708,1,1142637.86,2232142.86
id,quantity,item_price,total_sum
24924244,1,1697749.94,1791999.99
id,quantity,item_price,total_sum
24923969,1,7855696.89,11200000
id,quantity,item_price,total_sum
24731637,1,1218224,1340046.4
id,quantity,item_price,total_sum
24713186,1,245880,250880
id,quantity,item_price,total_sum
24671822,1,30000000,30000000
24671821,1,15500000.01,15500000.01
24671820,1,30000000,30000000
24671819,1,40385000.01,40385000.01
id,quantity,item_price,total_sum
24657050,1,250880,250880
id,quantity,item_price,total_sum
24622494,190,1000,190000
id,quantity,item_price,total_sum
24622289,1,250000,250000
24622288,1,441000,441000
id,quantity,item_price,total_sum
24621955,1,924500,924500
24621954,1,25900,25900
id,quantity,item_price,total_sum
24590137,10,4500,75000
id,quantity,item_price,total_sum
24559783,1,100000,280000
id,quantity,item_price,total_sum
24559666,1,283702,431200
id,quantity,item_price,total_sum
24559569,1,108800,156800
id,quantity,item_price,total_sum
24559399,1,233939.88,291200
id,quantity,item_price,total_sum
24559171,1,830280.32,929600
id,quantity,item_price,total_sum
24558822,1,4216000,4596000
id,quantity,item_price,total_sum
24553419,1,30000,300000
id,quantity,item_price,total_sum
24454504,1,53902,53902
24454502,1,53902,53902
id,quantity,item_price,total_sum
24454249,10,3000,30000
24454248,2,3000,6000
id,quantity,item_price,total_sum
24378172,1,30000000,30000000
24378171,1,40385000.01,40385000.01
24378170,1,30000000,30000000
id,quantity,item_price,total_sum
24352696,600,142.24,85344
id,quantity,item_price,total_sum
24339844,1,1153256.36,1153256.36
id,quantity,item_price,total_sum
24338096,1,250000,250000
id,quantity,item_price,total_sum
24321360,1,42606400,42606400
24321359,1,824640,824640
id,quantity,item_price,total_sum
24237800,200,55,11000
id,quantity,item_price,total_sum
24237369,4,43250,173000
id,quantity,item_price,total_sum
24229523,1,65558880,65558880
24229522,1,3917040,3917040
id,quantity,item_price,total_sum
24229184,1,29600,29600
id,quantity,item_price,total_sum
24228383,1,103500,103500
id,quantity,item_price,total_sum
24216228,1,35000,35000
24216227,1,17500,17500
id,quantity,item_price,total_sum
24092993,5,11198.88,55994.4
id,quantity,item_price,total_sum
24016541,45,119999,5399955
id,quantity,item_price,total_sum
24016503,45,125400.8,5643036
id,quantity,item_price,total_sum
23954354,13,4678,60814
id,quantity,item_price,total_sum
23940211,35,2550.24,89258.4
id,quantity,item_price,total_sum
23939990,95,1420,134900
id,quantity,item_price,total_sum
23939785,40,1770,70800
23939784,50,1370,68500
id,quantity,item_price,total_sum
23939672,30,255,7650
23939671,40,255,10200
23939670,30,899,26970
id,quantity,item_price,total_sum
23939573,1,1017857,1017857
id,quantity,item_price,total_sum
23939474,30,5480,164400
id,quantity,item_price,total_sum
23869285,1,245000,245000
id,quantity,item_price,total_sum
23854803,14,17500,245000
id,quantity,item_price,total_sum
23671512,1200,130,156000
id,quantity,item_price,total_sum
23671181,1000,16,16000
23671180,2000,24,48000
id,quantity,item_price,total_sum
23562735,1,248000,248000
id,quantity,item_price,total_sum
23394325,3,8900000,26700000
id,quantity,item_price,total_sum
23336190,1,58240,58240
id,quantity,item_price,total_sum
23231175,1,6606118.4,6606118.4
id,quantity,item_price,total_sum
23192424,6,5000,30000
id,quantity,item_price,total_sum
23182362,1200,112.5,135000
id,quantity,item_price,total_sum
23175719,1,35000,35000
id,quantity,item_price,total_sum
23175502,2,9831,19662
id,quantity,item_price,total_sum
23175331,1,62692,62692
id,quantity,item_price,total_sum
23175073,3,79000,237000
id,quantity,item_price,total_sum
23174910,1,310000,310000
id,quantity,item_price,total_sum
23174611,1,54878.88,54878.88
id,quantity,item_price,total_sum
23171783,3,11790000,35370000
id,quantity,item_price,total_sum
23169875,1,179690.01,242219.01
id,quantity,item_price,total_sum
23075418,1,60000,60000
id,quantity,item_price,total_sum
22977832,1,5600000,5600000
22977827,1,4300000,5488000
id,quantity,item_price,total_sum
22922853,1,273000,273000
id,quantity,item_price,total_sum
22918640,1,22000,22000
id,quantity,item_price,total_sum
22898151,1,781000,781000
id,quantity,item_price,total_sum
22897369,1,18000,18000
id,quantity,item_price,total_sum
22887273,50,2055,102750
id,quantity,item_price,total_sum
22848026,1,1648800,1648800
id,quantity,item_price,total_sum
22766572,2,27000,54000
id,quantity,item_price,total_sum
22726550,1,15000,15000
id,quantity,item_price,total_sum
22723114,2,27613.6,55227.2
id,quantity,item_price,total_sum
22717116,1,87802,87802
id,quantity,item_price,total_sum
22716703,1,700000,700000
id,quantity,item_price,total_sum
22716587,5,38640,193200
id,quantity,item_price,total_sum
22716504,1,59000,59000
id,quantity,item_price,total_sum
22716184,1,49000,49000
id,quantity,item_price,total_sum
22631901,6,162064,972384
22631900,2,162064,324128
22631899,2,216160,432320
id,quantity,item_price,total_sum
22541626,1,4900,4900
id,quantity,item_price,total_sum
22528927,1,924500,924500
id,quantity,item_price,total_sum
22515841,3,44912,134736
id,quantity,item_price,total_sum
22355954,1,280000,280000
id,quantity,item_price,total_sum
22299110,1,30000000,30000000
22299109,1,30000000,30000000
id,quantity,item_price,total_sum
22245120,50,2700,135000
id,quantity,item_price,total_sum
22244615,1,20000,20000
id,quantity,item_price,total_sum
22243719,1200,103.01,123607.68
id,quantity,item_price,total_sum
22227124,2,11190000,22380000
id,quantity,item_price,total_sum
22226857,225,154000,34650000
id,quantity,item_price,total_sum
22164585,1,198140.32,198140.32
id,quantity,item_price,total_sum
22150617,16,446.43,7142.88
id,quantity,item_price,total_sum
22150489,75,109.52,8214
id,quantity,item_price,total_sum
22137783,1,361000,361000
id,quantity,item_price,total_sum
22137423,5000,50,250000
id,quantity,item_price,total_sum
22129844,35,1500,52500
id,quantity,item_price,total_sum
22123894,2,8590000,17180000
id,quantity,item_price,total_sum
22089639,6,20089,120534
id,quantity,item_price,total_sum
22088920,2,84896,169792
id,quantity,item_price,total_sum
22075054,103,24400,2513200
id,quantity,item_price,total_sum
22074638,50,1499,74950
id,quantity,item_price,total_sum
22073883,8,59800,478400
id,quantity,item_price,total_sum
22073522,2,15000,30000
id,quantity,item_price,total_sum
22067017,50,400,20000
id,quantity,item_price,total_sum
22048789,80,52500,4200000
id,quantity,item_price,total_sum
21946713,10000,73.4,734000
21946712,500,73.4,36700
id,quantity,item_price,total_sum
21890217,2000,20,40000
id,quantity,item_price,total_sum
21889687,1000,32.9,32900
id,quantity,item_price,total_sum
21793191,5,5940032,29700160
id,quantity,item_price,total_sum
21741578,1,481000,481000
id,quantity,item_price,total_sum
21737861,4,10080,40320
id,quantity,item_price,total_sum
21732001,1,245000,245000
id,quantity,item_price,total_sum
21714239,16,2800,44800
id,quantity,item_price,total_sum
21713174,10,1250,12500
id,quantity,item_price,total_sum
21699167,1,1600,1600
21699166,1,6500,6500
21699165,1,12500,12500
id,quantity,item_price,total_sum
21680838,80,15769.6,1261568
id,quantity,item_price,total_sum
21667508,1,21500,21500
id,quantity,item_price,total_sum
21660028,1,44800,44800
id,quantity,item_price,total_sum
21659651,2,120500,241000
id,quantity,item_price,total_sum
21657916,1,4500,4500
21657915,1,4200,4200
21657914,1,5500,5500
id,quantity,item_price,total_sum
21589975,16,14000,224000
id,quantity,item_price,total_sum
21585999,50,6748,337400
id,quantity,item_price,total_sum
21573218,3,113400,340200
id,quantity,item_price,total_sum
21518869,1,2638848,2638848
id,quantity,item_price,total_sum
21440034,1,180000,200000
id,quantity,item_price,total_sum
21438825,1,300000,300000
id,quantity,item_price,total_sum
21437985,1,200000,200000
id,quantity,item_price,total_sum
21437365,1,80000,80000
id,quantity,item_price,total_sum
21436199,1,53902,53902
id,quantity,item_price,total_sum
21423236,50,190,9500
id,quantity,item_price,total_sum
21404264,13,5670,73710
id,quantity,item_price,total_sum
21403954,16,2500,40000
id,quantity,item_price,total_sum
21403369,10,1200,12000
id,quantity,item_price,total_sum
21363829,80,17000,1360000
id,quantity,item_price,total_sum
21280329,1,72688,72688
id,quantity,item_price,total_sum
21123716,160,385.28,61644.8
id,quantity,item_price,total_sum
21123418,25,250,6250
id,quantity,item_price,total_sum
21120546,25,318,7950
21120545,50,528,26400
21120544,50,489,24450
id,quantity,item_price,total_sum
21118799,1,481000,481000
id,quantity,item_price,total_sum
21117048,1,9049.6,9049.6
id,quantity,item_price,total_sum
21028025,1,108416,108416
id,quantity,item_price,total_sum
20944863,80,214,17120
id,quantity,item_price,total_sum
20910292,5,9000,45000
id,quantity,item_price,total_sum
20909172,100,115,11500
id,quantity,item_price,total_sum
20908574,2,27496,54992
id,quantity,item_price,total_sum
20907979,1200,106.4,127680
id,quantity,item_price,total_sum
20906553,10000,73.4,734000
id,quantity,item_price,total_sum
20897164,1,569408,569408
id,quantity,item_price,total_sum
20896463,2,216160,432320
20896462,6,162064,972384
id,quantity,item_price,total_sum
20669615,20,1200,24000
id,quantity,item_price,total_sum
20663693,10,3000,30000
id,quantity,item_price,total_sum
20642606,1,25252.49,25252.49
id,quantity,item_price,total_sum
20640465,1,1213310,1213310
id,quantity,item_price,total_sum
20639047,1,34048,34048
id,quantity,item_price,total_sum
20636566,50,900,45000
20636565,100,1500,150000
id,quantity,item_price,total_sum
20614458,1,40178571.43,40178571.43
id,quantity,item_price,total_sum
20593378,1500,154.43,231638.4
id,quantity,item_price,total_sum
20486602,1,5600000,5600000
id,quantity,item_price,total_sum
20451912,1,431200,431200
id,quantity,item_price,total_sum
20451496,1,156800,156800
id,quantity,item_price,total_sum
20441211,100,70,7000
20441210,50,300,15000
id,quantity,item_price,total_sum
20331123,20,420,8400
id,quantity,item_price,total_sum
20175581,5,328,1640
id,quantity,item_price,total_sum
20104520,1000,54,54000
id,quantity,item_price,total_sum
20103877,1000,52,52000
id,quantity,item_price,total_sum
20102246,5000,98.22,491100
id,quantity,item_price,total_sum
20101463,40,54,2160
id,quantity,item_price,total_sum
20100577,500,430,215000
id,quantity,item_price,total_sum
20100070,150,114,17100
id,quantity,item_price,total_sum
20099404,30,38,1140
id,quantity,item_price,total_sum
20097397,5,1247,6235
id,quantity,item_price,total_sum
20096313,5,8150,40750
id,quantity,item_price,total_sum
20095787,20,147.62,2952.32
id,quantity,item_price,total_sum
20095147,5,658.56,3292.8
id,quantity,item_price,total_sum
20094233,500,130,65000
id,quantity,item_price,total_sum
20093807,2000,12.77,25536
id,quantity,item_price,total_sum
20093450,500,75,37500
id,quantity,item_price,total_sum
20093122,30,82.88,2486.4
id,quantity,item_price,total_sum
20092632,20,238,4760
id,quantity,item_price,total_sum
20090279,10,2898.56,28985.6
id,quantity,item_price,total_sum
20089273,2500,1100,2750000
id,quantity,item_price,total_sum
20088413,500,299.89,149945
id,quantity,item_price,total_sum
20087764,500,804.16,402080
id,quantity,item_price,total_sum
20085474,500,804.16,402080
id,quantity,item_price,total_sum
20084279,7,67200,470400
id,quantity,item_price,total_sum
19848717,1,95000,95000
id,quantity,item_price,total_sum
19846623,10,12990.01,129900.06
id,quantity,item_price,total_sum
19813240,1,1344000,1344000
id,quantity,item_price,total_sum
19535406,1,291200,291200
id,quantity,item_price,total_sum
19534763,1,929600,929600
id,quantity,item_price,total_sum
19508406,1,220000,220000
id,quantity,item_price,total_sum
19506360,1,30000000,30000000
id,quantity,item_price,total_sum
19504686,1000,225,225000
id,quantity,item_price,total_sum
19503244,1,242219.01,242219.01
id,quantity,item_price,total_sum
19502237,10,7500,75000
id,quantity,item_price,total_sum
19450167,1,1340046.4,1340046.4
id,quantity,item_price,total_sum
19336105,1,4596000,4596000
id,quantity,item_price,total_sum
19329742,1,450000,450000
id,quantity,item_price,total_sum
19210972,1,19818355.2,22196557.82
id,quantity,item_price,total_sum
19210552,1,285875.52,320180.58
id,quantity,item_price,total_sum
19209324,1,86400,96768
id,quantity,item_price,total_sum
19208880,1,21600,24192
id,quantity,item_price,total_sum
19202189,1,42606400,42606400
id,quantity,item_price,total_sum
19201647,1,65558880,65558880
id,quantity,item_price,total_sum
19200278,1,924500,924500
id,quantity,item_price,total_sum
19198792,1,3641000,3641000
id,quantity,item_price,total_sum
19197996,1,7011200,7011200
id,quantity,item_price,total_sum
19197294,1,1791999.99,1791999.99
id,quantity,item_price,total_sum
19195884,1,11200000,11200000
id,quantity,item_price,total_sum
19194888,1,8131350,8131350
id,quantity,item_price,total_sum
19193265,1,2232142.86,2232142.86
id,quantity,item_price,total_sum
19066816,1,1148939.77,1785714.28
id,quantity,item_price,total_sum
19065393,1,42181.12,446428.57
id,quantity,item_price,total_sum
19030351,1,446428.57,446428.57
id,quantity,item_price,total_sum
18777017,1,590280.32,590280.32
18777016,1,79999.36,79999.36
id,quantity,item_price,total_sum
18706979,10,11000,123200
id,quantity,item_price,total_sum
18625652,5,264000,1320000
18625651,5,264000,1320000
id,quantity,item_price,total_sum
18618524,1,8999999.99,8999999.99
18618523,1,750000,750000
id,quantity,item_price,total_sum
18617334,1,4000000,4000000
18617333,1,550000,550000
id,quantity,item_price,total_sum
18610812,2,10000,20000
18610811,3,10000,30000
id,quantity,item_price,total_sum
18608908,10,12320,123200
id,quantity,item_price,total_sum
18607787,1,237000,237000
id,quantity,item_price,total_sum
18606566,1,2519000.01,2519000.01
id,quantity,item_price,total_sum
18353146,1,31199999.99,31199999.99
18353145,1,15003359.84,15003359.84
18353144,1,29965000.01,33560800.01
id,quantity,item_price,total_sum
18146961,8000,14,112000
id,quantity,item_price,total_sum
18146798,15,1600,24000
id,quantity,item_price,total_sum
18146602,2000,21.8,43600
id,quantity,item_price,total_sum
18146223,50,234,11700
id,quantity,item_price,total_sum
18145752,1,370000,370000
id,quantity,item_price,total_sum
18145575,25,196000,4900000
id,quantity,item_price,total_sum
18145093,80,26675,2134000
id,quantity,item_price,total_sum
18041373,1,240000,240000
id,quantity,item_price,total_sum
18040766,1,240000,240000
id,quantity,item_price,total_sum
18010572,1,1599999.99,1599999.99
18010571,1,280000,280000
id,quantity,item_price,total_sum
18009521,1,28000,28000
id,quantity,item_price,total_sum
18008562,1,79500,79500
id,quantity,item_price,total_sum
17880961,5,264000,1320000
id,quantity,item_price,total_sum
17866126,210,165000,34650000
id,quantity,item_price,total_sum
17766203,40,222.66,8906.24
id,quantity,item_price,total_sum
17766121,45,2338.56,105235.2
id,quantity,item_price,total_sum
17766033,50,1509.76,75488
id,quantity,item_price,total_sum
17765781,30,1438.98,43169.28
id,quantity,item_price,total_sum
17765538,50,3,150
id,quantity,item_price,total_sum
17758282,35,3469.76,121441.6
id,quantity,item_price,total_sum
17757968,5,6146.56,30732.8
id,quantity,item_price,total_sum
17757612,35,2000,70000
id,quantity,item_price,total_sum
17757252,90,990,89100
id,quantity,item_price,total_sum
17743014,6,12988,77928
id,quantity,item_price,total_sum
17742819,100,60,6000
id,quantity,item_price,total_sum
17742608,100,80,8000
id,quantity,item_price,total_sum
17740601,3,64764,194292
id,quantity,item_price,total_sum
17720676,1,140000,140000
id,quantity,item_price,total_sum
17720521,1,2004189.6,2004189.6
id,quantity,item_price,total_sum
17720372,70,43650,3055500
id,quantity,item_price,total_sum
17720218,6,97000,582000
id,quantity,item_price,total_sum
17719957,80,40296.48,3223718.4
id,quantity,item_price,total_sum
17587713,1,112000,112000
17587712,1,26880,26880
id,quantity,item_price,total_sum
17583351,1,50376,50376
id,quantity,item_price,total_sum
17582708,4,28406056,113624224
17582707,2,28406056,56812112
17582705,2,28406056,56812112
id,quantity,item_price,total_sum
17582278,18,10605000,190890000
17582277,2,10605000,21210000
id,quantity,item_price,total_sum
17579820,1,240000,240000
id,quantity,item_price,total_sum
17549603,2,185000,370000
id,quantity,item_price,total_sum
17509650,10,4450,44500
id,quantity,item_price,total_sum
17405585,1,40982000,40982000
id,quantity,item_price,total_sum
17351864,10,5000,50000
id,quantity,item_price,total_sum
17351438,50,862.4,43120
id,quantity,item_price,total_sum
17351336,50,327,16350
id,quantity,item_price,total_sum
17351212,50,211,10550
id,quantity,item_price,total_sum
17349343,50,244.16,12208
id,quantity,item_price,total_sum
17349263,50,198,9900
id,quantity,item_price,total_sum
17349128,50,124,6200
id,quantity,item_price,total_sum
17348857,200,337,67400
id,quantity,item_price,total_sum
17348691,5,1343,6715
id,quantity,item_price,total_sum
17347579,10,1533.28,15332.8
id,quantity,item_price,total_sum
17347223,2,3200,6400
id,quantity,item_price,total_sum
17346875,50,264,13200
id,quantity,item_price,total_sum
17223579,1,1801829.3,1801829.3
17223578,1,1052076.48,1052076.48
id,quantity,item_price,total_sum
17173551,100,1500,150000
id,quantity,item_price,total_sum
17172357,500,220,110000
id,quantity,item_price,total_sum
17161046,1,110000,110000
id,quantity,item_price,total_sum
17121180,1,4000,4000
17121179,1,5500,5500
17121178,1,5000,5000
id,quantity,item_price,total_sum
17120361,4,28406056,113624224
17120360,2,28406056,56812112
id,quantity,item_price,total_sum
17004874,100,200,20000
id,quantity,item_price,total_sum
17002945,1,255469.19,424838.64
id,quantity,item_price,total_sum
17002480,1,131851.89,242380.89
id,quantity,item_price,total_sum
16968657,2,97888,195776
id,quantity,item_price,total_sum
16866308,1,31199999.99,31199999.99
16866307,1,29965000.01,33560800.01
id,quantity,item_price,total_sum
16830528,1,123200,123200
id,quantity,item_price,total_sum
16829714,1,367899,367899
id,quantity,item_price,total_sum
16798240,80,46453.12,3716249.6
id,quantity,item_price,total_sum
16797996,80,34890,2791200
id,quantity,item_price,total_sum
16797503,25,176000,4400000
id,quantity,item_price,total_sum
16797006,7,29568,206976
id,quantity,item_price,total_sum
16795873,2,177577,355154
id,quantity,item_price,total_sum
16795587,80,34300,2744000
id,quantity,item_price,total_sum
16795334,1,82450,82450
id,quantity,item_price,total_sum
16794795,1,348798,348798
id,quantity,item_price,total_sum
16794507,6,120000,720000
id,quantity,item_price,total_sum
16793797,10,17800,178000
id,quantity,item_price,total_sum
16703995,1,105966240,105966240
id,quantity,item_price,total_sum
16668785,10,5500,55000
id,quantity,item_price,total_sum
16668371,5,880,4400
id,quantity,item_price,total_sum
16665526,1,4000,4000
16665525,1,5000,5000
id,quantity,item_price,total_sum
16562617,1,10899999.99,10899999.99
id,quantity,item_price,total_sum
16503987,21,140896,2958816
id,quantity,item_price,total_sum
16486422,3,159257,477771
id,quantity,item_price,total_sum
16486296,15,29500,442500
id,quantity,item_price,total_sum
16485422,60,15900,954000
id,quantity,item_price,total_sum
16485103,2,170000,340000
id,quantity,item_price,total_sum
16484584,1,179000,179000
id,quantity,item_price,total_sum
16484241,10,5500,55000
id,quantity,item_price,total_sum
16483691,10,14900,149000
id,quantity,item_price,total_sum
16483011,30,129.99,3899.7
id,quantity,item_price,total_sum
16482804,30,133.99,4019.7
id,quantity,item_price,total_sum
16482156,5,880,4400
id,quantity,item_price,total_sum
16481790,1000,50,50000
id,quantity,item_price,total_sum
16477801,1,158592,158592
id,quantity,item_price,total_sum
16477314,1,17700,17700
id,quantity,item_price,total_sum
16401297,100,700,70000
16401296,134,700,93800
16401295,50,1500,75000
id,quantity,item_price,total_sum
16396891,2,120000,240000
id,quantity,item_price,total_sum
15988786,3,73000,245280
id,quantity,item_price,total_sum
15988651,1,237580,237580
id,quantity,item_price,total_sum
15988476,1,178000,178000
id,quantity,item_price,total_sum
15988225,1,178000,178000
id,quantity,item_price,total_sum
15987755,1,108192,108192
id,quantity,item_price,total_sum
15987412,1,166880,166880
id,quantity,item_price,total_sum
15987043,1,141120,141120
id,quantity,item_price,total_sum
15985694,12,68900,826800
id,quantity,item_price,total_sum
15985307,3,53687.2,161061.6
id,quantity,item_price,total_sum
15711903,10,144444,1444440
id,quantity,item_price,total_sum
15561606,10,107296,1072960
id,quantity,item_price,total_sum
15536155,5000,11.65,58240
id,quantity,item_price,total_sum
15535863,100,453.38,45337.6
id,quantity,item_price,total_sum
15535633,5000,18.49,92450
id,quantity,item_price,total_sum
15535333,1000,51,51000
id,quantity,item_price,total_sum
15534970,10,790,7900
id,quantity,item_price,total_sum
15534740,5,790,3950
id,quantity,item_price,total_sum
15534364,3,790,2370
id,quantity,item_price,total_sum
15533668,50,138,6900
id,quantity,item_price,total_sum
15487289,18,10605000,190890000
id,quantity,item_price,total_sum
15404915,21,44653,937713
id,quantity,item_price,total_sum
15402802,21,9975,209475
id,quantity,item_price,total_sum
15369142,1,240000,240000
id,quantity,item_price,total_sum
15127811,1,138000,138000
id,quantity,item_price,total_sum
15126690,100,145,14500
id,quantity,item_price,total_sum
14948746,1,778400,778400
id,quantity,item_price,total_sum
14947482,1,98784,98784
id,quantity,item_price,total_sum
14931368,1000,52,52000
id,quantity,item_price,total_sum
14930925,100,132,13200
id,quantity,item_price,total_sum
14930147,100,310,31000
id,quantity,item_price,total_sum
14929343,100,379,37900
14929342,100,95,9500
id,quantity,item_price,total_sum
14928855,50,1200,60000
id,quantity,item_price,total_sum
14928017,50,806,40300
14928016,50,878,43900
14928014,10,1680,16800
id,quantity,item_price,total_sum
14924878,30,700,21000
14924877,30,230,6900
14924876,30,350,10500
id,quantity,item_price,total_sum
14921956,4,79000,316000
id,quantity,item_price,total_sum
14919615,60,15555,933300
id,quantity,item_price,total_sum
14918647,15,35828.8,537432
id,quantity,item_price,total_sum
14916890,3,159028.8,477086.4
id,quantity,item_price,total_sum
14915064,2,392000,784000
id,quantity,item_price,total_sum
14913114,1,127000,127000
id,quantity,item_price,total_sum
14863104,4,28406056,113624224
id,quantity,item_price,total_sum
14760002,40,1960,78400
14760001,37,1960,72520
id,quantity,item_price,total_sum
14719910,1,65000,65000
14719909,1,54000,54000
id,quantity,item_price,total_sum
14719899,2,10000,20000
14719898,2,18000,36000
id,quantity,item_price,total_sum
14719895,50,1500,75000
14719894,100,700,70000
id,quantity,item_price,total_sum
14719868,2,50600,101200
14719867,2,36800,73600
14719866,1,33800,33800
14719865,1,25000,25000
id,quantity,item_price,total_sum
14719613,1,285474.56,285474.56
id,quantity,item_price,total_sum
14719427,1,86399.99,86399.99
id,quantity,item_price,total_sum
14541276,1,424838.64,424838.64
id,quantity,item_price,total_sum
14541204,1,112000,112000
id,quantity,item_price,total_sum
14460171,1,40982000,40982000
id,quantity,item_price,total_sum
14440153,1,147000,147000
14440152,1,89050,89050
id,quantity,item_price,total_sum
14440143,40,1960,78400
id,quantity,item_price,total_sum
14407673,1,8999999.99,8999999.99
id,quantity,item_price,total_sum
14202092,1,4000,4000
id,quantity,item_price,total_sum
14202066,5,12500,62500
id,quantity,item_price,total_sum
14202062,15,1000,15000
id,quantity,item_price,total_sum
14202058,2000,120,240000
id,quantity,item_price,total_sum
14202052,2,10000,20000
id,quantity,item_price,total_sum
14201867,16,28548.8,456780.8
id,quantity,item_price,total_sum
13902867,1,242380.89,242380.89
id,quantity,item_price,total_sum
13902503,1,590280.32,590280.32
id,quantity,item_price,total_sum
13738772,1,129000,129000
id,quantity,item_price,total_sum
13738737,1,99999,99999
id,quantity,item_price,total_sum
13738731,5,40885,204425
id,quantity,item_price,total_sum
13738716,14,87999,1231986
id,quantity,item_price,total_sum
13738699,1,389900,389900
id,quantity,item_price,total_sum
13738533,3,129887,389661
13738523,2,327888,655776
id,quantity,item_price,total_sum
13738515,4,74000,296000
id,quantity,item_price,total_sum
13738433,1,130000,130000
13738402,2,29000,58000
id,quantity,item_price,total_sum
13738310,60,14300,858000
id,quantity,item_price,total_sum
13737284,1,1801829.3,1801829.3
id,quantity,item_price,total_sum
13508477,1,1000000,1000000
id,quantity,item_price,total_sum
13472702,1,21600,21600
id,quantity,item_price,total_sum
13456771,12,12500,149999.94
id,quantity,item_price,total_sum
13456767,12,20000,240000
id,quantity,item_price,total_sum
13450858,1,31199999.99,31199999.99
id,quantity,item_price,total_sum
13450817,1,21600,21600
id,quantity,item_price,total_sum
13323708,1,1200000,1200000
id,quantity,item_price,total_sum
13051217,90,1133.44,102009.6
id,quantity,item_price,total_sum
12996843,1,105966240,105966240
id,quantity,item_price,total_sum
12935907,1,912000,912000
id,quantity,item_price,total_sum
12852177,1,10899999.99,10899999.99
id,quantity,item_price,total_sum
12828389,1,38000000,38000000
12828386,1,7600000,7600000
id,quantity,item_price,total_sum
12826283,1,1785714.28,1785714.28
id,quantity,item_price,total_sum
12826279,1,446428.57,446428.57
id,quantity,item_price,total_sum
12826272,1,100000,100000
id,quantity,item_price,total_sum
12826269,1,240000,240000
id,quantity,item_price,total_sum
12826267,1,240000,240000
id,quantity,item_price,total_sum
12826266,1,240500,240500
id,quantity,item_price,total_sum
12826262,1,3403000,3403000
id,quantity,item_price,total_sum
12826247,1,190000,190000
id,quantity,item_price,total_sum
12826244,1,4000000,4000000
id,quantity,item_price,total_sum
12826239,1,1599999.99,1599999.99
id,quantity,item_price,total_sum
12826200,1,450000,450000
id,quantity,item_price,total_sum
12826187,1,11200000,11200000
id,quantity,item_price,total_sum
12826173,1,19818355.2,19818355.2
id,quantity,item_price,total_sum
12826167,1,285875.52,285875.52
id,quantity,item_price,total_sum
12268491,1,5499999.99,5499999.99
12268490,1,758541.99,758541.99
id,quantity,item_price,total_sum
12215291,55,18900,1039500
12215290,55,16900,929500
id,quantity,item_price,total_sum
12188671,1,1225321.4,1225321.4
id,quantity,item_price,total_sum
12174370,20,148670,2973400
id,quantity,item_price,total_sum
12174369,1,397600,397600
id,quantity,item_price,total_sum
12174368,55,212748.48,11701166.4
id,quantity,item_price,total_sum
12174366,20,295844.64,5916892.8
id,quantity,item_price,total_sum
12163941,1,669999.98,669999.98
id,quantity,item_price,total_sum
12161548,1,12400000,12400000
id,quantity,item_price,total_sum
12120700,1,30000,30000.01
id,quantity,item_price,total_sum
12015581,35,1189,41615
id,quantity,item_price,total_sum
12015397,90,1114,100260
id,quantity,item_price,total_sum
12015190,35,853,29855
12015189,5,7993,39965
id,quantity,item_price,total_sum
12013478,35,1750,61250
id,quantity,item_price,total_sum
12013139,30,800,24000
id,quantity,item_price,total_sum
12012053,100,84,8400
12012052,40,289,11560
id,quantity,item_price,total_sum
12011533,60,310,18600
12011532,30,4400,132000
id,quantity,item_price,total_sum
12008740,2,8958.88,17917.76
id,quantity,item_price,total_sum
11906993,1,356652.99,356652.99
id,quantity,item_price,total_sum
11698692,1,5499999.99,5499999.99
11698691,1,999999.84,999999.84
id,quantity,item_price,total_sum
11697768,1,8000000,8000000
11697767,1,899999.52,899999.52
id,quantity,item_price,total_sum
11538429,1,44200,44200
11538428,1,4000,4000
id,quantity,item_price,total_sum
11538344,1,23000,23000
11538343,1,9000,9000
id,quantity,item_price,total_sum
11534557,1,225999.2,225999.2
id,quantity,item_price,total_sum
11534532,1,2229999.52,2229999.52
id,quantity,item_price,total_sum
11534507,1,24999.52,24999.52
id,quantity,item_price,total_sum
11533305,1,3600000,3600000
11533304,1,799999.2,799999.2
id,quantity,item_price,total_sum
11530545,2,293440,586880
id,quantity,item_price,total_sum
11530526,55,45920,2525600
id,quantity,item_price,total_sum
11463991,12,70000,840000
id,quantity,item_price,total_sum
11463912,100,80.3,8030
id,quantity,item_price,total_sum
11463909,55,11580.8,636944
id,quantity,item_price,total_sum
11463908,5,46600,233000
id,quantity,item_price,total_sum
11463906,10,120000,1200000
id,quantity,item_price,total_sum
11463901,10,122222,1222220
id,quantity,item_price,total_sum
11463894,10,139999,1399990
id,quantity,item_price,total_sum
11463891,1,632000,632000
11463890,1,515000,515000
id,quantity,item_price,total_sum
11463878,10,29719,297190
id,quantity,item_price,total_sum
11463875,19,10640,202160
id,quantity,item_price,total_sum
11463859,30,11494,344820
id,quantity,item_price,total_sum
11463853,18,23770,427860
id,quantity,item_price,total_sum
11463839,100,4000,400000
id,quantity,item_price,total_sum
11463837,37,13272,491064
id,quantity,item_price,total_sum
11247530,10,2655,26550
11247529,50,637,31850
11247528,50,195,9750
11247527,500,39.5,19750
id,quantity,item_price,total_sum
11247526,100,190,19000
id,quantity,item_price,total_sum
11247525,200,327,65400
id,quantity,item_price,total_sum
11247523,30,1390,41700
id,quantity,item_price,total_sum
11247510,200,82.88,16576
11247509,50,94.08,4704
id,quantity,item_price,total_sum
11208828,1,44800,44800
id,quantity,item_price,total_sum
11129870,1,647110.24,647110.24
id,quantity,item_price,total_sum
11017288,6,10210000,61260000.01
11017286,7,10210000,71470000.01
id,quantity,item_price,total_sum
11000774,1,10500,10500
id,quantity,item_price,total_sum
10756414,1,9000000,9000000
id,quantity,item_price,total_sum
10751275,1,215000,215000
id,quantity,item_price,total_sum
10751272,1,96700,96700
id,quantity,item_price,total_sum
10751249,1,54712,54712
id,quantity,item_price,total_sum
10660488,6,10210000,61260000.01
id,quantity,item_price,total_sum
10654738,1,23000,23000
id,quantity,item_price,total_sum
10648837,1000,1388.8,1388800
id,quantity,item_price,total_sum
10619610,1,3363599.99,3363599.99
id,quantity,item_price,total_sum
10619304,1,137760,137760
10619303,1,221811.99,221811.99
id,quantity,item_price,total_sum
10614001,6,7499.99,44999.94
10614000,6,55000,329999.98
id,quantity,item_price,total_sum
10613990,1,18499.99,18499.99
10613989,2,8499.99,16999.99
id,quantity,item_price,total_sum
10612831,18,12500,225000
id,quantity,item_price,total_sum
10611494,1,86250,86250
id,quantity,item_price,total_sum
10611492,1,80000,80000
id,quantity,item_price,total_sum
10570696,150,97,14550
id,quantity,item_price,total_sum
10570695,300,63,18900
id,quantity,item_price,total_sum
10570693,3,5850,17550
10570692,1,6850,6850
id,quantity,item_price,total_sum
10570690,100,334,33400
10570689,30,94,2820
10570688,2,3647,7294
id,quantity,item_price,total_sum
10406783,1,9564000,9564000
id,quantity,item_price,total_sum
10406780,1,15400000,15400000
id,quantity,item_price,total_sum
10250279,1,10080000,10080000
id,quantity,item_price,total_sum
10153531,1,9245000,9245000
id,quantity,item_price,total_sum
10145015,1,25000,25000
id,quantity,item_price,total_sum
10134528,1,226900,226900
id,quantity,item_price,total_sum
10134525,1,226900,226900
id,quantity,item_price,total_sum
10134024,5,15000,75000
10134023,100,700,70000
10134022,100,400,40000
10134021,10,4500,45000
10134020,20,2000,40000
10134019,20,2000,40000
10134018,20,250,5000
10134017,2500,25,62500
id,quantity,item_price,total_sum
10133983,15,3000,45000
id,quantity,item_price,total_sum
10098400,1,59260,59260
id,quantity,item_price,total_sum
10064645,1,400000,400000
id,quantity,item_price,total_sum
10055448,14,199360,2791040
id,quantity,item_price,total_sum
10055444,2,179980,359960
id,quantity,item_price,total_sum
9986371,5,15200,76000
id,quantity,item_price,total_sum
9881256,6,21840,131040
id,quantity,item_price,total_sum
9881254,12,47500,570000
id,quantity,item_price,total_sum
9789656,1,45000,45000
id,quantity,item_price,total_sum
9789635,1,200000,200000
id,quantity,item_price,total_sum
9758987,1,372898,372898
id,quantity,item_price,total_sum
9626206,2,304000,608000
id,quantity,item_price,total_sum
9626204,1,358400,358400
id,quantity,item_price,total_sum
9573781,2,299040,598080
id,quantity,item_price,total_sum
9427893,1,14900,14900
id,quantity,item_price,total_sum
9398349,1,500000,500000
id,quantity,item_price,total_sum
9339036,1,24999.99,24999.99
id,quantity,item_price,total_sum
9050598,1,146428.8,146428.8
id,quantity,item_price,total_sum
8828419,1,500000,500000
id,quantity,item_price,total_sum
8817065,1500,70,105000
id,quantity,item_price,total_sum
8791177,8.4,6500,54600
id,quantity,item_price,total_sum
8791165,4,4000,16000
8791164,8,5000,40000
id,quantity,item_price,total_sum
8791162,116,110,12760
8791161,99,90,8910
id,quantity,item_price,total_sum
8726154,300,65,19500
id,quantity,item_price,total_sum
8726151,20,364,7280
8726150,20,648,12960
id,quantity,item_price,total_sum
8726149,100,67,6700
8726148,200,235,47000
id,quantity,item_price,total_sum
8726145,50,33,1650
8726144,200,89,17800
id,quantity,item_price,total_sum
8726142,10,4242.56,42425.6
8726141,50,373.86,18692.8
8726140,100,199.36,19936
id,quantity,item_price,total_sum
8612706,2,119000,238000
